"ID","Head of a Woman","Head of a Man","Head of a Woman 1","Head of a Woman 2","Head of a Woman 3","Torso of Venus","Horse","Torso of Venus 1","Male Torso","Kneeling Ecorche","Torso of Venus 2","Portrait of a Prostitute","Head of an Old Man","Head of a Woman 4","Plaster Cast of a Womans Torso","Plaster Cast of a Womans Torso 1","Torso of Venus 3","Woman Sewing","Letter from Vincent van Gogh to Theo van Gogh with sketches of Head of a Woman and Head of a Woman","Head of a Prostitute"
"s0004V1962r","localhost","localhost","localhost","localhost","localhost","localhost","localhost","localhost","localhost","localhost","localhost","localhost","localhost","localhost","localhost","localhost","localhost","localhost","localhost","localhost"
"s0006V1962","https://vangoghmuseum.nl/en/collection/s0072V1962","https://vangoghmuseum.nl/en/collection/s0069V1962","https://vangoghmuseum.nl/en/collection/s0139V1962","https://vangoghmuseum.nl/en/collection/s0062V1962","https://vangoghmuseum.nl/en/collection/s0084V1962","localhost","localhost","localhost","localhost","localhost","localhost","localhost","localhost","localhost","localhost","localhost","localhost","localhost","localhost","localhost"
"s0010V1962","localhost","localhost","localhost","localhost","localhost","localhost","localhost","localhost","localhost","localhost","localhost","localhost","localhost","localhost","localhost","localhost","localhost","localhost","localhost","localhost"
"s0056V1962","localhost","localhost","localhost","localhost","localhost","https://vangoghmuseum.nl/en/collection/s0089V1962","https://vangoghmuseum.nl/en/collection/s0202V1962","https://vangoghmuseum.nl/en/collection/s0101V1962","https://vangoghmuseum.nl/en/collection/s0103V1962","https://vangoghmuseum.nl/en/collection/s0102V1962","https://vangoghmuseum.nl/en/collection/s0201V1962","localhost","localhost","localhost","localhost","localhost","localhost","localhost","localhost","localhost"
"s0058V1962","localhost","localhost","localhost","localhost","localhost","localhost","localhost","localhost","localhost","localhost","localhost","localhost","localhost","localhost","localhost","localhost","localhost","localhost","localhost","localhost"
"s0059V1962","localhost","localhost","localhost","localhost","localhost","localhost","localhost","localhost","localhost","localhost","localhost","https://vangoghmuseum.nl/en/collection/s0143V1962","localhost","localhost","localhost","localhost","localhost","localhost","localhost","localhost"
"s0061V1962","localhost","localhost","localhost","localhost","localhost","localhost","localhost","localhost","localhost","localhost","localhost","localhost","https://vangoghmuseum.nl/en/collection/d0041V1971","localhost","localhost","localhost","localhost","localhost","localhost","localhost"
"s0062V1962","https://vangoghmuseum.nl/en/collection/s0072V1962","https://vangoghmuseum.nl/en/collection/s0069V1962","https://vangoghmuseum.nl/en/collection/s0139V1962","https://vangoghmuseum.nl/en/collection/s0006V1962","https://vangoghmuseum.nl/en/collection/s0084V1962","localhost","localhost","localhost","localhost","localhost","localhost","localhost","localhost","localhost","localhost","localhost","localhost","localhost","localhost","localhost"
"s0068V1962r","localhost","localhost","localhost","localhost","localhost","localhost","localhost","localhost","localhost","localhost","localhost","localhost","localhost","localhost","localhost","localhost","localhost","localhost","localhost","localhost"
"s0069V1962","https://vangoghmuseum.nl/en/collection/s0072V1962","localhost","https://vangoghmuseum.nl/en/collection/s0139V1962","https://vangoghmuseum.nl/en/collection/s0006V1962","https://vangoghmuseum.nl/en/collection/s0062V1962","localhost","localhost","localhost","localhost","localhost","localhost","localhost","localhost","https://vangoghmuseum.nl/en/collection/s0084V1962","localhost","localhost","localhost","localhost","localhost","localhost"
"s0072V1962","https://vangoghmuseum.nl/en/collection/d0267V1971","https://vangoghmuseum.nl/en/collection/s0069V1962","https://vangoghmuseum.nl/en/collection/s0139V1962","https://vangoghmuseum.nl/en/collection/s0006V1962","https://vangoghmuseum.nl/en/collection/s0062V1962","localhost","localhost","localhost","localhost","localhost","localhost","localhost","localhost","https://vangoghmuseum.nl/en/collection/s0084V1962","localhost","localhost","localhost","localhost","localhost","localhost"
"s0075V1962","localhost","localhost","localhost","localhost","localhost","localhost","localhost","localhost","localhost","localhost","localhost","localhost","localhost","localhost","https://vangoghmuseum.nl/en/collection/s0199V1962","https://vangoghmuseum.nl/en/collection/s0200V1962","localhost","localhost","localhost","localhost"
"s0084V1962","https://vangoghmuseum.nl/en/collection/s0072V1962","https://vangoghmuseum.nl/en/collection/s0069V1962","https://vangoghmuseum.nl/en/collection/s0139V1962","https://vangoghmuseum.nl/en/collection/s0006V1962","https://vangoghmuseum.nl/en/collection/s0062V1962","localhost","localhost","localhost","localhost","localhost","localhost","localhost","localhost","localhost","localhost","localhost","localhost","localhost","localhost","localhost"
"s0089V1962","localhost","localhost","localhost","localhost","localhost","https://vangoghmuseum.nl/en/collection/s0101V1962","https://vangoghmuseum.nl/en/collection/s0202V1962","https://vangoghmuseum.nl/en/collection/s0201V1962","https://vangoghmuseum.nl/en/collection/s0103V1962","https://vangoghmuseum.nl/en/collection/s0102V1962","https://vangoghmuseum.nl/en/collection/s0056V1962","localhost","localhost","localhost","localhost","localhost","localhost","localhost","localhost","localhost"
"s0097V1962r","localhost","localhost","localhost","localhost","localhost","localhost","localhost","localhost","localhost","localhost","localhost","localhost","localhost","localhost","localhost","localhost","localhost","localhost","localhost","localhost"
"s0101V1962","localhost","localhost","localhost","localhost","localhost","https://vangoghmuseum.nl/en/collection/s0056V1962","https://vangoghmuseum.nl/en/collection/s0202V1962","https://vangoghmuseum.nl/en/collection/s0089V1962","https://vangoghmuseum.nl/en/collection/s0103V1962","https://vangoghmuseum.nl/en/collection/s0102V1962","https://vangoghmuseum.nl/en/collection/s0201V1962","localhost","localhost","localhost","localhost","localhost","localhost","localhost","localhost","localhost"
"s0102V1962","localhost","localhost","localhost","localhost","localhost","https://vangoghmuseum.nl/en/collection/s0056V1962","https://vangoghmuseum.nl/en/collection/s0202V1962","https://vangoghmuseum.nl/en/collection/s0089V1962","https://vangoghmuseum.nl/en/collection/s0103V1962","localhost","https://vangoghmuseum.nl/en/collection/s0101V1962","localhost","localhost","localhost","localhost","localhost","https://vangoghmuseum.nl/en/collection/s0201V1962","localhost","localhost","localhost"
"s0103V1962","localhost","localhost","localhost","localhost","localhost","https://vangoghmuseum.nl/en/collection/s0056V1962","https://vangoghmuseum.nl/en/collection/s0202V1962","https://vangoghmuseum.nl/en/collection/s0089V1962","localhost","https://vangoghmuseum.nl/en/collection/s0102V1962","https://vangoghmuseum.nl/en/collection/s0101V1962","localhost","localhost","localhost","localhost","localhost","https://vangoghmuseum.nl/en/collection/s0201V1962","localhost","localhost","localhost"
"s0132V1962","localhost","localhost","localhost","localhost","localhost","localhost","localhost","localhost","localhost","localhost","localhost","localhost","localhost","localhost","localhost","localhost","localhost","https://vangoghmuseum.nl/en/collection/s0007V1962","localhost","localhost"
"s0139V1962","https://vangoghmuseum.nl/en/collection/s0072V1962","https://vangoghmuseum.nl/en/collection/s0069V1962","https://vangoghmuseum.nl/en/collection/s0006V1962","https://vangoghmuseum.nl/en/collection/s0062V1962","https://vangoghmuseum.nl/en/collection/s0084V1962","localhost","localhost","localhost","localhost","localhost","localhost","localhost","localhost","localhost","localhost","localhost","localhost","localhost","https://vangoghmuseum.nl/en/collection/b0435V1962","localhost"
"s0143V1962","localhost","localhost","localhost","localhost","localhost","localhost","localhost","localhost","localhost","localhost","localhost","localhost","localhost","localhost","localhost","localhost","localhost","localhost","localhost","https://vangoghmuseum.nl/en/collection/s0059V1962"
"s0199V1962","localhost","localhost","localhost","localhost","localhost","localhost","localhost","localhost","localhost","localhost","localhost","localhost","localhost","localhost","https://vangoghmuseum.nl/en/collection/s0075V1962","https://vangoghmuseum.nl/en/collection/s0200V1962","localhost","localhost","localhost","localhost"
"s0200V1962","localhost","localhost","localhost","localhost","localhost","localhost","localhost","localhost","localhost","localhost","localhost","localhost","localhost","localhost","https://vangoghmuseum.nl/en/collection/s0075V1962","https://vangoghmuseum.nl/en/collection/s0199V1962","localhost","localhost","localhost","localhost"
"s0201V1962","localhost","localhost","localhost","localhost","localhost","https://vangoghmuseum.nl/en/collection/s0056V1962","https://vangoghmuseum.nl/en/collection/s0202V1962","https://vangoghmuseum.nl/en/collection/s0089V1962","https://vangoghmuseum.nl/en/collection/s0103V1962","https://vangoghmuseum.nl/en/collection/s0102V1962","https://vangoghmuseum.nl/en/collection/s0101V1962","localhost","localhost","localhost","localhost","localhost","localhost","localhost","localhost","localhost"
"s0202V1962","localhost","localhost","localhost","localhost","localhost","https://vangoghmuseum.nl/en/collection/s0056V1962","localhost","https://vangoghmuseum.nl/en/collection/s0089V1962","https://vangoghmuseum.nl/en/collection/s0103V1962","https://vangoghmuseum.nl/en/collection/s0102V1962","https://vangoghmuseum.nl/en/collection/s0101V1962","localhost","localhost","localhost","localhost","localhost","https://vangoghmuseum.nl/en/collection/s0201V1962","localhost","localhost","localhost"
"s0343V1966","localhost","localhost","localhost","localhost","localhost","localhost","localhost","localhost","localhost","localhost","localhost","localhost","localhost","localhost","localhost","localhost","localhost","localhost","localhost","localhost"
"d0012V1962r","localhost","localhost","localhost","localhost","localhost","localhost","localhost","localhost","localhost","localhost","localhost","localhost","localhost","localhost","localhost","localhost","localhost","localhost","localhost","localhost"
"d0012V1962v","localhost","localhost","localhost","localhost","localhost","localhost","localhost","localhost","localhost","localhost","localhost","localhost","localhost","localhost","localhost","localhost","localhost","localhost","localhost","localhost"
"d0013V1962","localhost","localhost","localhost","localhost","localhost","localhost","localhost","localhost","localhost","localhost","localhost","localhost","localhost","localhost","localhost","localhost","localhost","localhost","localhost","localhost"
"d0014V1962r","localhost","localhost","localhost","localhost","localhost","localhost","localhost","localhost","localhost","localhost","localhost","localhost","localhost","localhost","localhost","localhost","localhost","localhost","localhost","localhost"
"d0014V1962v","localhost","localhost","localhost","localhost","localhost","localhost","localhost","localhost","localhost","localhost","localhost","localhost","localhost","localhost","localhost","localhost","localhost","localhost","localhost","localhost"
"d0015V1962r","localhost","localhost","localhost","localhost","localhost","localhost","localhost","localhost","localhost","localhost","localhost","localhost","localhost","localhost","localhost","localhost","localhost","localhost","localhost","localhost"
"d0015V1962v","localhost","localhost","localhost","localhost","localhost","localhost","localhost","localhost","localhost","localhost","localhost","localhost","localhost","localhost","localhost","localhost","localhost","localhost","localhost","localhost"
"d0031V1962v","localhost","localhost","localhost","localhost","localhost","localhost","localhost","localhost","localhost","localhost","localhost","localhost","localhost","localhost","localhost","localhost","localhost","localhost","localhost","localhost"
"d0034V1962r","localhost","localhost","localhost","localhost","localhost","localhost","localhost","localhost","localhost","localhost","localhost","localhost","localhost","localhost","localhost","localhost","localhost","localhost","localhost","localhost"
"d0036V1962r","localhost","localhost","localhost","localhost","localhost","localhost","localhost","localhost","localhost","localhost","localhost","localhost","localhost","localhost","localhost","localhost","localhost","localhost","localhost","localhost"
"d0036V1962v","localhost","localhost","localhost","localhost","localhost","localhost","localhost","localhost","localhost","localhost","localhost","localhost","localhost","localhost","localhost","localhost","localhost","localhost","localhost","localhost"
"d0056V1962r","localhost","localhost","localhost","localhost","localhost","localhost","localhost","localhost","localhost","localhost","localhost","localhost","localhost","localhost","localhost","localhost","localhost","localhost","localhost","localhost"
"d0056V1962v","localhost","localhost","localhost","localhost","localhost","localhost","localhost","localhost","localhost","localhost","localhost","localhost","localhost","localhost","localhost","localhost","localhost","localhost","localhost","localhost"
"d0062V1962","localhost","localhost","localhost","localhost","localhost","localhost","localhost","localhost","localhost","localhost","localhost","localhost","localhost","localhost","localhost","localhost","localhost","localhost","localhost","localhost"
"d0136V1962r","localhost","localhost","localhost","localhost","localhost","localhost","localhost","localhost","localhost","localhost","localhost","localhost","localhost","localhost","localhost","localhost","localhost","localhost","localhost","localhost"
"d0137V1962r","localhost","localhost","localhost","localhost","localhost","localhost","localhost","localhost","localhost","localhost","localhost","localhost","localhost","localhost","localhost","localhost","localhost","localhost","localhost","localhost"
"d0138V1962r","localhost","localhost","localhost","localhost","localhost","localhost","localhost","localhost","localhost","localhost","localhost","localhost","localhost","localhost","localhost","localhost","localhost","localhost","localhost","localhost"
"d0140V1962r","localhost","localhost","localhost","localhost","localhost","localhost","localhost","localhost","localhost","localhost","localhost","localhost","localhost","localhost","localhost","localhost","localhost","localhost","localhost","localhost"
"d0153V1970","localhost","localhost","localhost","localhost","localhost","localhost","localhost","localhost","localhost","localhost","localhost","localhost","localhost","localhost","localhost","localhost","localhost","localhost","localhost","localhost"
"d0158V1962","localhost","localhost","localhost","localhost","localhost","localhost","localhost","localhost","localhost","localhost","localhost","localhost","localhost","localhost","localhost","localhost","localhost","localhost","localhost","localhost"
"d0159V1962r","localhost","localhost","localhost","localhost","localhost","localhost","localhost","localhost","localhost","localhost","localhost","localhost","localhost","localhost","localhost","localhost","localhost","localhost","localhost","localhost"
"d0159V1962v","localhost","localhost","localhost","localhost","localhost","localhost","localhost","localhost","localhost","localhost","localhost","localhost","localhost","localhost","localhost","localhost","localhost","localhost","localhost","localhost"
"d0160V1962v","localhost","localhost","localhost","localhost","localhost","localhost","localhost","localhost","localhost","localhost","localhost","localhost","localhost","localhost","localhost","localhost","localhost","localhost","localhost","localhost"
"d0180V1962r","localhost","localhost","localhost","localhost","localhost","localhost","localhost","localhost","localhost","localhost","localhost","localhost","localhost","localhost","localhost","localhost","localhost","localhost","localhost","localhost"
"d0180V1962v","localhost","localhost","localhost","localhost","localhost","localhost","localhost","localhost","localhost","localhost","localhost","localhost","localhost","localhost","localhost","localhost","localhost","localhost","localhost","localhost"
"d0190V1962r","localhost","localhost","localhost","localhost","localhost","localhost","localhost","localhost","localhost","localhost","localhost","localhost","localhost","localhost","localhost","localhost","localhost","localhost","localhost","localhost"
"d0212V1962v","localhost","localhost","localhost","localhost","localhost","localhost","localhost","localhost","localhost","localhost","localhost","localhost","localhost","localhost","localhost","localhost","localhost","localhost","localhost","localhost"
"d0303V1972v","localhost","localhost","localhost","localhost","localhost","localhost","localhost","localhost","localhost","localhost","localhost","localhost","localhost","localhost","localhost","localhost","localhost","localhost","localhost","localhost"
"d0399V1962","localhost","localhost","localhost","localhost","localhost","localhost","localhost","localhost","localhost","localhost","localhost","localhost","localhost","localhost","localhost","localhost","localhost","localhost","localhost","localhost"
"d0401V1962","localhost","localhost","localhost","localhost","localhost","localhost","localhost","localhost","localhost","localhost","localhost","localhost","localhost","localhost","localhost","localhost","localhost","localhost","localhost","localhost"
"d0402V1962r","localhost","localhost","localhost","localhost","localhost","localhost","localhost","localhost","localhost","localhost","localhost","localhost","localhost","localhost","localhost","localhost","localhost","localhost","localhost","localhost"
"d0402V1962v","localhost","localhost","localhost","localhost","localhost","localhost","localhost","localhost","localhost","localhost","localhost","localhost","localhost","localhost","localhost","localhost","localhost","localhost","localhost","localhost"
"d1125S2005","localhost","localhost","localhost","localhost","localhost","localhost","localhost","localhost","localhost","localhost","localhost","localhost","localhost","localhost","localhost","localhost","localhost","localhost","localhost","localhost"
